{"vertices":[-0.348,0.08906249999999999,-0.14799999999999996,0.08906249999999999,-0.14799999999999996,-0.3276041666666667,-0.348,-0.3276041666666667,-0.346,0.11822916666666672,-0.252,0.4390625,-0.15400000000000003,0.12239583333333337,-0.132,-0.29427083333333326,0.18399999999999994,-0.29427083333333326,0.18399999999999994,0.08072916666666663,-0.132,0.08072916666666663,-0.15200000000000002,0.11822916666666672,0.18199999999999994,0.11822916666666672,0.18199999999999994,0.4390625,-0.252,0.4390625],"colors":[0.7647058823529411,0.17254901960784313,0.17254901960784313,0.7647058823529411,0.17254901960784313,0.17254901960784313,0.7647058823529411,0.17254901960784313,0.17254901960784313,0.7647058823529411,0.17254901960784313,0.17254901960784313,0.7647058823529411,0.17254901960784313,0.17254901960784313,0.7647058823529411,0.17254901960784313,0.17254901960784313,0.7647058823529411,0.17254901960784313,0.17254901960784313,0.17254901960784313,0.6470588235294118,0.7647058823529411,0.17254901960784313,0.6470588235294118,0.7647058823529411,0.17254901960784313,0.6470588235294118,0.7647058823529411,0.17254901960784313,0.6470588235294118,0.7647058823529411,0.7647058823529411,0.6862745098039216,0.17254901960784313,0.7647058823529411,0.6862745098039216,0.17254901960784313,0.7647058823529411,0.6862745098039216,0.17254901960784313,0.7647058823529411,0.6862745098039216,0.17254901960784313],"drawObjectInfo":[{"name":"square","mode":6,"offset":0,"count":4},{"name":"polygon","mode":5,"offset":4,"count":3},{"name":"rectangle","mode":6,"offset":7,"count":4},{"name":"rectangle","mode":6,"offset":11,"count":4}]}